Dealership_ID,Dealership_Name,City,State,Contact_Person,Contact_Email
D0001,Robbins-Castro,Garciaton,Virginia,Joseph Holland,kwise@hoffman.com
D0002,"Henderson, Taylor and Romero",Robertmouth,Georgia,Michael Smith,robert69@bowen.info
D0003,"Thompson, Morrison and Sherman",South Zacharyberg,Georgia,April Roberts,lisastewart@yahoo.com
D0004,Mills LLC,Port Melissastad,Montana,William Peterson,scott09@hotmail.com
D0005,Becker Inc,Lake Brucefort,Georgia,Crystal Christensen,pauldanny@berry.com
D0006,"Mercer, Villanueva and Davis",South Michele,Illinois,Kristen Coleman,shawbrittany@hotmail.com
D0007,Richardson Inc,New Larrystad,New York,James Gomez,pblackburn@savage.net
D0008,Chavez Ltd,Rossfort,Hawaii,Christopher Cunningham,wadewendy@lucas-williams.com
D0009,"Espinoza, Sanchez and Baker",West Heidiburgh,Iowa,Jennifer Marshall,jasmine93@yahoo.com
D0010,"Sims, Parker and Burnett",Sarahfort,Kentucky,Jordan Washington,englishbryan@hotmail.com
D0011,Johnson Group,Dickersonfurt,Iowa,Christopher Mcdonald,campbellmary@hotmail.com
D0012,Turner-Henry,Silvachester,Minnesota,Daniel Wallace,hgray@logan.com
D0013,"Hayes, Johnson and Mcintyre",Colemanport,Florida,Sarah Powell,flemingchris@graham-schwartz.info
D0014,Barron and Sons,East John,Iowa,Max Hudson,desiree14@turner-hurley.com
D0015,"Smith, Jones and Skinner",Williamsonview,South Dakota,Melissa Price,deborahallen@ford.com
D0016,"Hill, Turner and Sheppard",North Chase,Hawaii,Patricia Jones,kristina35@yahoo.com
D0017,Ramirez Ltd,Charleston,California,Terri Jenkins,reyesjennifer@hotmail.com
D0018,"Woods, Brady and Short",South Anna,Kansas,Robert Morgan,tblair@mccullough-schwartz.com
D0019,Hoffman-Garner,Port Mary,Ohio,Tiffany Durham,cmccoy@hotmail.com
D0020,Reyes Ltd,West Marcusburgh,Hawaii,Chad Young,fjones@yahoo.com
D0021,Smith-Barry,Quinnstad,Georgia,Michelle Haynes,michael15@hotmail.com
D0022,Harris-Petty,New Caleb,Nevada,Cynthia Cervantes,fmorris@gmail.com
D0023,Small Ltd,South Dominique,Connecticut,Kevin Hernandez,greg52@yahoo.com
D0024,Vazquez-Johnson,South Ronald,Kansas,Douglas Schneider,candace98@gmail.com
D0025,Lynn Group,Victorside,Washington,Cindy Jennings,xbarber@ramirez-smith.com
D0026,Baldwin-Young,Port Grant,Iowa,Paul Williams,ellengates@gmail.com
D0027,Curtis LLC,South Stephanie,Nebraska,Erika Vincent,nharper@yahoo.com
D0028,Butler-Levy,West Mark,New Hampshire,Robert Briggs,rileybobby@hotmail.com
D0029,Richardson-Miller,New Douglasfort,South Dakota,Vanessa Phillips,jacksondaniel@martinez.biz
D0030,Moore-Elliott,West Jesse,Florida,Nathan Gross,wardangela@hotmail.com
D0031,Tucker-Lee,South Sherry,Florida,Katie Bailey,arthur27@hotmail.com
D0032,Johnston Inc,Wangmouth,Ohio,Robert Hubbard,molly71@gmail.com
D0033,Williams-Lee,Smithview,Mississippi,Samuel Weber,baileykristine@harmon-cross.info
D0034,Anderson-Church,North Dennis,Georgia,Angela Woods,knappmichael@moore-smith.com
D0035,Ross Ltd,Benjaminbury,Oklahoma,George Nelson,courtney08@gmail.com
D0036,"Perkins, Adkins and Williams",North Charlesview,Wisconsin,Dustin Tucker,tristan81@bowers.com
D0037,"Everett, Garcia and Atkins",Rayborough,Colorado,Jason Gibbs,sholder@hotmail.com
D0038,"Ward, Donaldson and Lee",Tammyfort,North Carolina,Tyler Adams,patriciawest@cantu-carter.org
D0039,"Chen, Brown and Murillo",East Kellytown,South Dakota,Cindy Williams,smithtyler@gmail.com
D0040,"Ayers, Frederick and Barton",North Aaron,New Mexico,Dana Floyd,zrichardson@gmail.com
D0041,"Bell, Davis and Rodriguez",Burnsview,Kentucky,Isabella Klein,james94@oliver.biz
D0042,Williams LLC,Port Audrey,California,Joseph Holt,ericford@gmail.com
D0043,"Mcneil, Hill and Dennis",Port Mark,Connecticut,Destiny Schmidt,todd41@hotmail.com
D0044,Mayo LLC,Trevinoland,Iowa,Philip Martinez,lonnieelliott@brown.com
D0045,Williams-Smith,Taramouth,Alabama,Christopher Bowers,josecarter@hopkins.net
D0046,Williams-Wallace,Johnmouth,Colorado,Robert Newman,kharris@gmail.com
D0047,Morris and Sons,Daniellehaven,Texas,Casey Powell,herreranicholas@gmail.com
D0048,"Martin, Sharp and Morgan",Port Devinmouth,Hawaii,Carrie Johnson,hurstemily@montgomery-stevenson.com
D0049,Murray PLC,Jasonport,Vermont,Kenneth West,hayesmarco@yahoo.com
D0050,Frey-Hardin,Andrewberg,West Virginia,George Garcia,keithjones@griffin.com
